{
  "cv_accuracy": 0.4858329407248425,
  "cv_f1_macro": 0.21798455004373626,
  "val_accuracy": 0.486039886039886,
  "val_f1_macro": 0.2180470347648262,
  "val_roc_auc": 0.5,
  "fit_time": 0.002888758977254232
}