{
  "cv_accuracy": 0.5713237416058962,
  "cv_f1_macro": 0.5280578461338381,
  "val_accuracy": 0.582905982905983,
  "val_f1_macro": 0.5498781342292133,
  "val_roc_auc": 0.7401237024828551,
  "fit_time": 0.10589408874511719
}