{
  "cv_accuracy": 0.5785305570208465,
  "cv_f1_macro": 0.5455473903030527,
  "val_accuracy": 0.5806267806267806,
  "val_f1_macro": 0.5415231116450506,
  "val_roc_auc": 0.7422471649271252,
  "fit_time": 0.09299206733703613
}