{
  "cv_accuracy": 0.37933438655314805,
  "cv_f1_macro": 0.33433446066291866,
  "val_accuracy": 0.3806267806267806,
  "val_f1_macro": 0.3374094423423075,
  "val_roc_auc": 0.5024945680102028,
  "fit_time": 0.002622365951538086
}