{
  "cv_accuracy": 0.5940398675466466,
  "cv_f1_macro": 0.5473684669727431,
  "val_accuracy": 0.5965811965811966,
  "val_f1_macro": 0.5443243955199875,
  "val_roc_auc": 0.7487563951707866,
  "fit_time": 0.5883302688598633
}