{
  "cv_accuracy": 0.5744998659985835,
  "cv_f1_macro": 0.5155754389525405,
  "val_accuracy": 0.5669515669515669,
  "val_f1_macro": 0.4975255664902239,
  "val_roc_auc": 0.7296255084416922,
  "fit_time": 0.6260076363881429
}