{
  "cv_rmse": 1.6572319695207536,
  "cv_r2": -0.1333753533308993,
  "val_rmse": 1.7244907948481418,
  "val_mae": 0.7148422999576638,
  "val_r2": -0.16959948422670146,
  "fit_time": 0.07152660687764485
}