{
  "cv_rmse": 1.5546824027784203,
  "cv_r2": -0.0012825034178332768,
  "val_rmse": 1.5956647222133196,
  "val_mae": 0.7421795442690112,
  "val_r2": -0.0013794949485570474,
  "fit_time": 0.0048440297444661455
}