{
  "cv_rmse": 1.526533816294126,
  "cv_r2": 0.036907823539312545,
  "val_rmse": 1.5384898575213644,
  "val_mae": 0.6742684254582199,
  "val_r2": 0.06909645932683484,
  "fit_time": 0.01778237024943034
}