{
  "cv_rmse": 1.609719204644341,
  "cv_r2": -0.071190694077138,
  "val_rmse": 1.64888449090071,
  "val_mae": 0.6949696054589795,
  "val_r2": -0.06929090621456213,
  "fit_time": 0.08612720171610515
}