{
  "cv_rmse": 1.5301915767426308,
  "cv_r2": 0.03152801645803401,
  "val_rmse": 1.5535890049434171,
  "val_mae": 0.6755149667852022,
  "val_r2": 0.0507345264927348,
  "fit_time": 0.009462356567382812
}