{
  "cv_rmse": 1.561252789194243,
  "cv_r2": -0.009842287788943027,
  "val_rmse": 1.604308271949796,
  "val_mae": 0.7199371069182389,
  "val_r2": -0.012257615205717887,
  "fit_time": 0.002573251724243164
}