{
  "classification": {
    "with_labs": {
      "Dummy (Stratified)": {
        "cv_accuracy": 0.37933438655314805,
        "cv_f1_macro": 0.33433446066291866,
        "val_accuracy": 0.3806267806267806,
        "val_f1_macro": 0.3374094423423075,
        "val_roc_auc": 0.5024945680102028,
        "fit_time": 0.002622365951538086
      },
      "Dummy (Most Frequent)": {
        "cv_accuracy": 0.4858329407248425,
        "cv_f1_macro": 0.21798455004373626,
        "val_accuracy": 0.486039886039886,
        "val_f1_macro": 0.2180470347648262,
        "val_roc_auc": 0.5,
        "fit_time": 0.0023827552795410156
      },
      "Logistic Regression": {
        "cv_accuracy": 0.5940398675466466,
        "cv_f1_macro": 0.5473684669727431,
        "val_accuracy": 0.5965811965811966,
        "val_f1_macro": 0.5443243955199875,
        "val_roc_auc": 0.7487563951707866,
        "fit_time": 0.5883302688598633
      },
      "Decision Tree": {
        "cv_accuracy": 0.5713237416058962,
        "cv_f1_macro": 0.5280578461338381,
        "val_accuracy": 0.582905982905983,
        "val_f1_macro": 0.5498781342292133,
        "val_roc_auc": 0.7401237024828551,
        "fit_time": 0.10589408874511719
      }
    },
    "without_labs": {
      "Dummy (Stratified)": {
        "cv_accuracy": 0.37933438655314805,
        "cv_f1_macro": 0.33433446066291866,
        "val_accuracy": 0.3806267806267806,
        "val_f1_macro": 0.3374094423423075,
        "val_roc_auc": 0.5024945680102028,
        "fit_time": 0.0025762716929117837
      },
      "Dummy (Most Frequent)": {
        "cv_accuracy": 0.4858329407248425,
        "cv_f1_macro": 0.21798455004373626,
        "val_accuracy": 0.486039886039886,
        "val_f1_macro": 0.2180470347648262,
        "val_roc_auc": 0.5,
        "fit_time": 0.002888758977254232
      },
      "Logistic Regression": {
        "cv_accuracy": 0.5744998659985835,
        "cv_f1_macro": 0.5155754389525405,
        "val_accuracy": 0.5669515669515669,
        "val_f1_macro": 0.4975255664902239,
        "val_roc_auc": 0.7296255084416922,
        "fit_time": 0.6260076363881429
      },
      "Decision Tree": {
        "cv_accuracy": 0.5785305570208465,
        "cv_f1_macro": 0.5455473903030527,
        "val_accuracy": 0.5806267806267806,
        "val_f1_macro": 0.5415231116450506,
        "val_roc_auc": 0.7422471649271252,
        "fit_time": 0.09299206733703613
      }
    }
  },
  "regression": {
    "with_labs": {
      "Dummy (Mean)": {
        "cv_rmse": 1.5546824027784203,
        "cv_r2": -0.0012825034178332768,
        "val_rmse": 1.5956647222133196,
        "val_mae": 0.7421795442690112,
        "val_r2": -0.0013794949485570474,
        "fit_time": 0.0048440297444661455
      },
      "Dummy (Median)": {
        "cv_rmse": 1.561252789194243,
        "cv_r2": -0.009842287788943027,
        "val_rmse": 1.604308271949796,
        "val_mae": 0.7199371069182389,
        "val_r2": -0.012257615205717887,
        "fit_time": 0.006422201792399089
      },
      "Linear Regression (Ridge)": {
        "cv_rmse": 1.526533816294126,
        "cv_r2": 0.036907823539312545,
        "val_rmse": 1.5384898575213644,
        "val_mae": 0.6742684254582199,
        "val_r2": 0.06909645932683484,
        "fit_time": 0.01778237024943034
      },
      "Decision Tree": {
        "cv_rmse": 1.609719204644341,
        "cv_r2": -0.071190694077138,
        "val_rmse": 1.64888449090071,
        "val_mae": 0.6949696054589795,
        "val_r2": -0.06929090621456213,
        "fit_time": 0.08612720171610515
      }
    },
    "without_labs": {
      "Dummy (Mean)": {
        "cv_rmse": 1.5546824027784203,
        "cv_r2": -0.0012825034178332768,
        "val_rmse": 1.5956647222133196,
        "val_mae": 0.7421795442690112,
        "val_r2": -0.0013794949485570474,
        "fit_time": 0.0019499460856119792
      },
      "Dummy (Median)": {
        "cv_rmse": 1.561252789194243,
        "cv_r2": -0.009842287788943027,
        "val_rmse": 1.604308271949796,
        "val_mae": 0.7199371069182389,
        "val_r2": -0.012257615205717887,
        "fit_time": 0.002573251724243164
      },
      "Linear Regression (Ridge)": {
        "cv_rmse": 1.5301915767426308,
        "cv_r2": 0.03152801645803401,
        "val_rmse": 1.5535890049434171,
        "val_mae": 0.6755149667852022,
        "val_r2": 0.0507345264927348,
        "fit_time": 0.009462356567382812
      },
      "Decision Tree": {
        "cv_rmse": 1.6572319695207536,
        "cv_r2": -0.1333753533308993,
        "val_rmse": 1.7244907948481418,
        "val_mae": 0.7148422999576638,
        "val_r2": -0.16959948422670146,
        "fit_time": 0.07152660687764485
      }
    }
  },
  "data_splits": {
    "n_train": 8188,
    "n_val": 1755,
    "n_test": 1755,
    "n_train_reg": 7415,
    "random_state": 42
  }
}